StationID,Cadmium,Copper,Lead,Mercury,Zinc,HPAH,LPAH,Alpha_Chlordane,Gamma_Chlordane,Dieldrin,Trans_Nonachlor,DDDs_total,DDEs_total,DDTs_total,4_4_DDT,PCBs_total
Dummy1,1.01,x,22.3,0.09,117,303.8,23.7,5,5,x,x,7.9,17.8,8.8,0,0
DemoData,0.15,43.6,33.5,1.37,45.4,1672,261,3.1,2.4,1.7,2.5,6.7,2.7,10.6,2.5,22.7
CA00-0004,0.6989686,62.73264,78.80038,1.117945,215.6491,993.75,232.5,2.97,3.2124,1.23,2.35,8.59,6.68,18.22,2.37,69.2392
CA00-0045,0.58,65,90.6,0.52,188,1762,374,x,5,2,2,15.5,12.2,27.7,2,116.5
